{"dataset": "cora", "existing_model": "VGAE", "input_dim": 1433, "hidden1_dim": 32, "hidden2_dim": 16, "hidden3_dim": 8, "num_class": 7, "use_feature": true, "num_epoch": 200, "learning_rate": 0.01, "test_roc": 0.8954196356880268, "test_ap": 0.911592361852451, "val_rocs": [0.5010770720987725, 0.495583281527852, 0.5428154230941606, 0.5492055689687577, 0.5476008038283046, 0.5482658416342581, 0.551952464254218, 0.5928089172895372, 0.6241524382309994, 0.6602379678757825, 0.6897164914918532, 0.7461001315618269, 0.773453425667568, 0.8150472032268791, 0.8091630643785511, 0.8280732698174038, 0.8187338258468388, 0.8217843253480606, 0.8216831239428068, 0.8274371466986656, 0.8306466769795718, 0.8246468793823822, 0.8366320172331536, 0.8339574086657318, 0.8316153190012867, 0.824111957668898, 0.8268154809235351, 0.8289407104338649, 0.825167343752259, 0.8303430727638104, 0.8352441122468157, 0.8344778730356084, 0.8595324495077276, 0.8623227168240108, 0.8570313290635978, 0.8648093799245328, 0.8670502681837238, 0.8663852303777704, 0.8697827061255765, 0.872240454538883, 0.879642614466018, 0.8821871069409707, 0.8833870664604085, 0.8774306408940421, 0.8875941534502451, 0.8833003223987624, 0.8859026442481458, 0.8853243505038384, 0.8876664401682834, 0.8921337593430583, 0.8843123364513004, 0.8920759299686276, 0.8946059650999725, 0.891410892162674, 0.8850062889444694, 0.896008327429918, 0.9007937081640619, 0.9000419262964624, 0.9009382816001389, 0.9022828145556536, 0.8985094478740476, 0.9000708409836777, 0.8961818155532102, 0.8903410487357053, 0.9022683572120458, 0.906952536540936, 0.8964998771125794, 0.9017045208113461, 0.9030056817360378, 0.9027020775202765, 0.9064320721710593, 0.901849094247423, 0.9015021180008386, 0.9002587864505776, 0.9066489323251746, 0.9074585435672049, 0.9046827335945293, 0.9037140915728143, 0.9111885382179878, 0.9055501742109904, 0.9176654281542309, 0.9054634301493444, 0.9031068831412915, 0.9112897396232417, 0.9096849744827885, 0.9054489728057366, 0.9109716780638725, 0.9104945857248189, 0.9041044398502219, 0.9056224609290289, 0.9040466104757912, 0.9101909815090575, 0.915178765053709, 0.9134149691335712, 0.9146583006838324, 0.910537957755642, 0.898032355534994, 0.9107548179097573, 0.9075163729416357, 0.905347771400483, 0.9009238242565311, 0.9108560193150111, 0.908007922624297, 0.9087597044918967, 0.903916494383322, 0.9058248637395364, 0.9043935867223756, 0.9147305874018706, 0.9053333140568752, 0.9107114458789343, 0.9072850554439128, 0.9131258222614177, 0.9044080440659833, 0.9062007546733364, 0.9147450447454785, 0.9135017131952174, 0.904147811881045, 0.904335757347945, 0.9073428848183434, 0.9126198152351487, 0.9002298717633622, 0.903641804854776, 0.9043213000043372, 0.9170871344099236, 0.9044803307840217, 0.9087741618355044, 0.9130101635125561, 0.9121138082088796, 0.9070681952897974, 0.902629790802238, 0.9059549798320057, 0.9200508898494992, 0.9134872558516098, 0.9107981899405804, 0.9120270641472336, 0.91486070349434, 0.9102198961962729, 0.907776605126574, 0.9129523341381255, 0.9033960300134455, 0.8996082059882318, 0.9030345964232531, 0.9082826121528429, 0.9095548583903194, 0.896008327429918, 0.9083548988708815, 0.9138197747545866, 0.904653818907314, 0.906576645607136, 0.8993624311469011, 0.9070103659153665, 0.9035695181367376, 0.9068657924792898, 0.9043646720351602, 0.9130246208561638, 0.9088464485535428, 0.9006925067588081, 0.9071404820078359, 0.9080223799679048, 0.9049429657794676, 0.9136029146004714, 0.903916494383322, 0.9066344749815669, 0.9046104468764908, 0.9102343535398807, 0.9081814107475892, 0.9054923448365597, 0.9078055198137893, 0.9056224609290289, 0.9110439647819111, 0.9113041969668493, 0.9040321531321835, 0.9034827740750915, 0.9032369992337608, 0.9048273070306063, 0.9093524555798117, 0.8981335569402477, 0.9083982709017044, 0.8987118506845554, 0.9108704766586188, 0.9024129306481228, 0.898451618499617, 0.9074007141927743, 0.9041622692246527, 0.9035550607931299, 0.9050441671847214, 0.9026153334586302, 0.9033382006390146, 0.9122439243013489, 0.9000708409836776, 0.9102632682270958, 0.9118102039931183, 0.904422501409591, 0.9084271855889199, 0.9066923043559977, 0.9034394020442684, 0.9072561407566974, 0.9026008761150227, 0.9071260246642283, 0.9021093264323614],