{"dataset": "cora", "existing_model": "VDGAE", "input_dim": 1433, "hidden1_dim": 32, "hidden2_dim": 16, "hidden3_dim": 8, "num_class": 7, "use_feature": true, "num_epoch": 200, "learning_rate": 0.01, "test_roc": 0.8847887689078202, "test_ap": 0.8782133446974755, "val_rocs": [0.4950049877835446, 0.496320606051844, 0.5160259653891194, 0.5573016813890616, 0.5108791510647833, 0.557055906547731, 0.5437406930850526, 0.5517211467564949, 0.5492055689687576, 0.5491621969379346, 0.5467911925862742, 0.5564486981162081, 0.5640098888230276, 0.5652965924041117, 0.5699084850149634, 0.5847417195564487, 0.6083650190114069, 0.6217525191921237, 0.6392603623010309, 0.6587199467969755, 0.6763868206855672, 0.6993161676473565, 0.7196287354161546, 0.7325680579450331, 0.7496710954329252, 0.7619598374994578, 0.7715161416241381, 0.7807688415330568, 0.7886914658300684, 0.7974815307435411, 0.8044499703624456, 0.8100015903077968, 0.8204831644233689, 0.8198904133354539, 0.8261504431175816, 0.8276829215399962, 0.8315719469704637, 0.835142910841562, 0.8386994173690525, 0.844699214966242, 0.8477641718110714, 0.8499761453830473, 0.8512483916205236, 0.8564674926628981, 0.8583035753010744, 0.8618600818285649, 0.8638118232156023, 0.865893680695109, 0.8684815452008848, 0.8673249577122698, 0.8705344879931761, 0.8717778195434371, 0.8711995257991296, 0.8695947606586765, 0.8695152452688344, 0.8701585970593763, 0.8718645636050832, 0.8691032109760153, 0.8714597579840679, 0.8711706111119144, 0.8700140236232995, 0.8684670878572772, 0.8684381731700617, 0.8708959215833683, 0.8715175873584987, 0.8720235943847677, 0.8698116208127917, 0.8667611213115702, 0.8703899145570992, 0.8703754572134916, 0.8685538319189232, 0.8722259971952754, 0.8719079356359062, 0.8744813427980744, 0.8759270771588429, 0.8755222715378276, 0.8745970015469358, 0.8746114588905436, 0.8746837456085819, 0.8762740534054273, 0.8764619988723272, 0.8759415345024506, 0.8768089751189115, 0.8801197068050717, 0.8768957191805579, 0.8801775361795025, 0.8794980410299411, 0.8792956382194336, 0.8807124578929868, 0.8782113374488573, 0.8803076522719715, 0.883040090213824, 0.8803076522719715, 0.8812762942936865, 0.8807992019546329, 0.8797365871994678, 0.8825919125619858, 0.8823316803770476, 0.8800763347742487, 0.8817823013199555, 0.8827220286544549, 0.8862929925255534, 0.8883314779742371, 0.8871459757984068, 0.8846014833234542, 0.8851364050369386, 0.8859532449507728, 0.8906085095924474, 0.8877242695427141, 0.8869435729878992, 0.888880857031329, 0.8893868640575981, 0.8850568896470962, 0.8836328413017392, 0.8897049256169672, 0.8865315386950803, 0.8872182625164452, 0.8879845017276526, 0.8844063091847505, 0.881991932802267, 0.8885338807847446, 0.8830979195882549, 0.8833726091168007, 0.8827509433416705, 0.8765053709031503, 0.8790787780653183, 0.88175338663274, 0.8760210498922927, 0.8766644016828349, 0.8770981219910654, 0.8748138617010511, 0.8758620191126082, 0.874763260998424, 0.8757680463791582, 0.875919848487039, 0.8765632002775808, 0.8729488643756598, 0.8771559513654961, 0.8777631597970189, 0.8750451791987741, 0.8730356084373057, 0.8743729127210166, 0.8742066532695283, 0.8743439980338013, 0.8750162645115586, 0.8768089751189116, 0.8739247350691783, 0.8756234729430814, 0.8707730341627029, 0.8716187887637525, 0.8734114993711054, 0.8656334485101708, 0.8704043719007069, 0.8733102979658517, 0.8732886119504403, 0.8710838670502682, 0.8780089346383495, 0.8765053709031502, 0.8712934985325796, 0.8714453006404604, 0.8717489048562216, 0.8763897121542887, 0.8761800806719774, 0.871141696424699, 0.8678454220821468, 0.8711850684555219, 0.8716332461073604, 0.8700573956541224, 0.8712573551735604, 0.8681056542670849, 0.8693056137865228, 0.8701369110439647, 0.8744235134236436, 0.8697248767511458, 0.8717922768870449, 0.8713585565788142, 0.8690020095707615, 0.8674189304457198, 0.8698766788590264, 0.8682646850467696, 0.8682502277031618, 0.871922392979514, 0.8672165276352123, 0.8673538723994854, 0.8710983243938759, 0.8716332461073603, 0.8728042909395828, 0.8716983041535948, 0.8725585160982521, 0.8705128019777646, 0.873577758822594, 0.8683152857493964, 0.870216426433807, 0.8708525495525451, 0.871271812517168, 0.8692188697248768, 0.8685538319189233, 0.8765053709031503, 0.871503130014891, 0.8712573551735603],