{"dataset": "cora", "existing_model": "VGAE3", "input_dim": 1433, "hidden1_dim": 32, "hidden2_dim": 16, "hidden3_dim": 8, "num_class": 7, "use_feature": true, "num_epoch": 200, "learning_rate": 0.01, "test_roc": 0.9023292490161273, "test_ap": 0.899775388303381, "val_rocs": [0.49905304399369665, 0.5538897482976477, 0.5687663548699562, 0.5501019242724341, 0.5532102531480865, 0.5789732394569822, 0.5898885338807848, 0.588225939365901, 0.6127455941245356, 0.6260463502436062, 0.6523153435787707, 0.6778470123899435, 0.7076869695962064, 0.7384955688241841, 0.7788460148332346, 0.7992453266636788, 0.8299671818300106, 0.8485882403967095, 0.862033569951857, 0.8628431811938875, 0.873483786089144, 0.8757825037227661, 0.8832280356807239, 0.8862929925255534, 0.8871170611111915, 0.8901386459251976, 0.8918446124709047, 0.8925024216050543, 0.8930156573031272, 0.890174789284217, 0.8866182827567263, 0.8889242290621521, 0.8932903468316731, 0.9014804319854269, 0.9008515375384927, 0.9032948286081917, 0.9030056817360379, 0.9019213809654614, 0.9044514160968062, 0.9043357573479449, 0.9053694574158944, 0.9015599473752693, 0.9002009570761468, 0.9039454090705374, 0.905159825933583, 0.9064031574838439, 0.9073139701311281, 0.9033815726698378, 0.9117523746186876, 0.9080223799679046, 0.9092729401899695, 0.9105813297864651, 0.9094898003440847, 0.9134149691335713, 0.9098150905752578, 0.9107837325969725, 0.9099018346369039, 0.9118535760239415, 0.9100319507293729, 0.9126053578915411, 0.912099350865272, 0.9135812285850599, 0.9143836111552864, 0.9102921829143114, 0.9119836921164105, 0.9158727175468779, 0.9105668724428575, 0.9091934248001273, 0.9106825311917188, 0.913154736948633, 0.9130029348407523, 0.9063597854530209, 0.9104367563503881, 0.9087235611328774, 0.9069742225563475, 0.9116294871980222, 0.9102488108834883, 0.9051092252309562, 0.9111523948589686, 0.9091645101129118, 0.9064754442018823, 0.9061862973297287, 0.9040393818039874, 0.9080657519987276, 0.907501915598028, 0.9118680333675491, 0.9100319507293729, 0.90474056296896, 0.907501915598028, 0.9088030765227197, 0.9086585030866429, 0.9044080440659833, 0.9066706183405862, 0.9092223394873425, 0.9061140106116903, 0.9070392806025821, 0.9046610475791178, 0.9079139498908471, 0.9042562419581026, 0.9108415619714035, 0.909525943703104, 0.909207882143735, 0.9123884977374258, 0.9083838135580967, 0.9077476904393588, 0.903873122352499, 0.909670517139181, 0.9106536165045035, 0.9038586650088913, 0.9118102039931183, 0.9068802498228975, 0.9083982709017046, 0.9033382006390146, 0.9120270641472336, 0.9098150905752578, 0.9036634908701876, 0.904379129378768, 0.9014587459700154, 0.895726409229568, 0.9013214012057423, 0.9053188567132675, 0.9118246613367259, 0.9062007546733364, 0.9054995735083636, 0.9048995937486447, 0.9048706790614293, 0.9039887811013604, 0.8999334962194047, 0.901256343159508, 0.9022683572120459, 0.8977865806936635, 0.9009961109745694, 0.896796252656537, 0.896283016958464, 0.8972805736673942, 0.8979889835041709, 0.9028032789255303, 0.9002804724659892, 0.9026297908022379, 0.9039092657115181, 0.9005117899637121, 0.8983359597507554, 0.9042706993017102, 0.8961673582096026, 0.9014948893290348, 0.9002732437941852, 0.8984660758432245, 0.8978371813962903, 0.9024273879917303, 0.9033960300134454, 0.892704824415562, 0.8976058638985673, 0.900880452225708, 0.8953577469675723, 0.8995648339574087, 0.8960083274299181, 0.9015238040162501, 0.9041188971938297, 0.8935072069857884, 0.8951842588442798, 0.9003599878558313, 0.8944180196330727, 0.8955746071216875, 0.8983937891251861, 0.9041044398502219, 0.8911506599777357, 0.8948661972849108, 0.8915410082551432, 0.8945481357255418, 0.8908253697465628, 0.8955023204036491, 0.8891700039034828, 0.8939481559658229, 0.897164914918533, 0.8885049660975292, 0.8884037646922753, 0.8930590293339502, 0.8908470557619744, 0.8963842183637178, 0.8915843802859663, 0.8944758490075034, 0.8891266318726596, 0.8892061472625019, 0.8916422096603971, 0.8853171218320346, 0.8929289132414809, 0.8912229466957741, 0.8897121542887709, 0.8919458138761582, 0.8882447339125908, 0.895314374936749, 0.8851147190215269, 0.8888663996877214, 0.8880567884456909, 0.891960271219766, 0.8892133759343058, 0.8929867426159117, 0.8911651173213433, 0.8840015035637351, 0.8788474605675953],