{"dataset": "cora", "existing_model": "VGAE4v3", "input_dim": 1433, "hidden1_dim": 32, "hidden2_dim": 16, "hidden3_dim": 8, "num_class": 7, "use_feature": true, "num_epoch": 200, "learning_rate": 0.01, "test_roc": 0.9680803949173475, "test_ap": 0.965755551707038, "val_rocs": [0.4919400309387153, 0.5397938382801544, 0.5531668811172634, 0.5451141407277826, 0.5493935144356576, 0.5447382497939829, 0.5654556231837962, 0.5600485766745218, 0.5963509664734202, 0.5940522488397982, 0.6404892365076842, 0.6759097283465136, 0.7156385085804334, 0.7575792623863291, 0.8000549379057093, 0.8344778730356084, 0.8688574361346847, 0.900519018635516, 0.914210123031994, 0.9259494860414348, 0.9349708684526304, 0.9383683442004367, 0.9372985007734679, 0.9379924532666368, 0.9377611357689138, 0.943124810247365, 0.951134178606023, 0.9520739059405225, 0.9550665760673135, 0.955818357934913, 0.952420882187107, 0.9530280906186297, 0.9542858795124982, 0.9553918662984863, 0.9600254449247495, 0.9634662927033787, 0.9642975899608206, 0.9636831528574938, 0.9650421431566164, 0.9658083823678236, 0.9657216383061777, 0.9672107446977694, 0.9664300481429543, 0.9668926831384002, 0.9676878370368229, 0.9690757420231608, 0.9702901588862064, 0.9677167517240381, 0.9694877763159797, 0.9700588413884834, 0.9699576399832295, 0.9687287657765762, 0.9674420621954922, 0.9702757015425986, 0.9699865546704447, 0.9713744596567827, 0.9693648888953144, 0.9723864737093206, 0.970254015527187, 0.9701745001373446, 0.9688444245254376, 0.9702178721681678, 0.9690612846795529, 0.9698564385779757, 0.9696829504546833, 0.9686492503867339, 0.9705793057583599, 0.9720828694935593, 0.9693576602235104, 0.9693938035825298, 0.9698058378753488, 0.9690829706949644, 0.9716925212161517, 0.9702251008399716, 0.9656854949471583, 0.9701817288091485, 0.9711865141898827, 0.9678034957856844, 0.9684251615608148, 0.9689889979615145, 0.9689600832742992, 0.969104656710376, 0.9712515722361174, 0.9673336321184345, 0.9656204369009238, 0.966299932050485, 0.966668594312481, 0.9701238994347179, 0.9652590033107317, 0.966993884543654, 0.9645361361303475, 0.9650999725310471, 0.9635819514522401, 0.9695383770186067, 0.9662276453324466, 0.9636903815292979, 0.9654614061212393, 0.9687143084329686, 0.9662276453324466, 0.9682155300785035, 0.9668276250921655, 0.9659095837730776, 0.9671095432925154, 0.9646156515201897, 0.9653602047159855, 0.9671312293079269, 0.9658517543986469, 0.9625916234151137, 0.96414578785294, 0.964413248709682, 0.9661409012708004, 0.9631916031748328, 0.9657216383061777, 0.965793925024216, 0.965663808931747, 0.9637698969191402, 0.9652590033107317, 0.9681649293758764, 0.9648903410487357, 0.9627217395075829, 0.9620205583426102, 0.9619265856091602, 0.9620639303734333, 0.962483193338056, 0.9628373982564444, 0.9641602451965476, 0.9664589628301696, 0.9618976709219448, 0.9665312495482079, 0.9664011334557387, 0.9664734201737772, 0.9602567624224725, 0.9656782662753545, 0.9659023551012736, 0.9641891598837629, 0.9666035362662464, 0.9659890991629199, 0.9653746620595932, 0.9619121282655525, 0.9686275643713224, 0.9637554395755323, 0.961514551316341, 0.9641168731657245, 0.9623097052147639, 0.9628807702872674, 0.9602639910942763, 0.9639072416834131, 0.9629096849744827, 0.966162587286212, 0.9602495337506687, 0.962714510835779, 0.9609796296028568, 0.9630976304413826, 0.9626855961485636, 0.9642975899608205, 0.962989200364325, 0.9630325723951481, 0.9634156920007517, 0.9612687764750104, 0.9630759444259712, 0.9627289681793867, 0.9642759039454091, 0.9641024158221168, 0.9668854544665962, 0.9644493920687012, 0.9642036172273706, 0.9688155098382223, 0.9663866761121312, 0.9668420824357733, 0.9692998308490798, 0.9660903005681736, 0.961839841547514, 0.9669288264974194, 0.9636108661394556, 0.964919255735951, 0.9626422241177407, 0.9666613656406772, 0.963220517862048, 0.9636976102011018, 0.9647240815972473, 0.9624976506816637, 0.9625048793534675, 0.9579146727580276, 0.9608422848385838, 0.9628301695846405, 0.9642975899608206, 0.9647240815972472, 0.9656348942445314, 0.9636397808266709, 0.9662565600196618, 0.9638710983243939, 0.9645939655047782, 0.9645650508175628, 0.9642903612890168, 0.9634807500469864, 0.9623819919328022, 0.9627651115384058, 0.9625916234151137, 0.9581893622865735, 0.9613121485058336],