{"dataset": "cora", "existing_model": "VGAE4", "input_dim": 1433, "hidden1_dim": 32, "hidden2_dim": 16, "hidden3_dim": 8, "num_class": 7, "use_feature": true, "num_epoch": 200, "learning_rate": 0.01, "test_roc": 0.935609893097228, "test_ap": 0.9329056370795215, "val_rocs": [0.5288351718255287, 0.5471959982072894, 0.5470225100839972, 0.5609738466654137, 0.5611184201014906, 0.5917390738625685, 0.6082349029189377, 0.6605126574043285, 0.6947042750365047, 0.722737064291807, 0.750408419956917, 0.7820989171449638, 0.7940117682776966, 0.8086859720394975, 0.8172302621116396, 0.8319189232170482, 0.837803062065376, 0.8436293715392733, 0.8509881594355853, 0.8564241206320751, 0.862582949008949, 0.8664286024085933, 0.8755367288814353, 0.8839798175483238, 0.8833364657577816, 0.8910060865416589, 0.893116858708381, 0.8944180196330725, 0.8952782315777298, 0.8948951119721262, 0.8967528806257138, 0.9047694776561754, 0.9035261461059145, 0.9010322543335887, 0.9074007141927742, 0.9111668522025762, 0.9056007749136173, 0.9079356359062587, 0.9023117292428691, 0.9104801283812112, 0.9093958276106349, 0.9082175541066085, 0.9091789674565196, 0.9136968873339212, 0.9072416834130896, 0.9067212190432128, 0.9213086787433676, 0.9194942821206031, 0.9210339892148218, 0.9122077809423296, 0.9179979470572077, 0.9110584221255185, 0.9130029348407525, 0.9165232980092237, 0.9111017941563416, 0.9128511327328717, 0.9135450852260405, 0.9157570587980164, 0.9169353323020427, 0.9151209356792782, 0.9213231360869754, 0.9197762003209531, 0.9211785626508986, 0.919414766730761, 0.9181136058060692, 0.9150920209920629, 0.9197617429773453, 0.9115427431363761, 0.9093669129234194, 0.9227544131041363, 0.9152655091153552, 0.9176003701079963, 0.9173835099538812, 0.9174919400309387, 0.9181569778368923, 0.9230435599762898, 0.9184605820526536, 0.9167040148043197, 0.9158076595006434, 0.9165811273836546, 0.9125909005479333, 0.9219881738929289, 0.9260651447902963, 0.9170293050354927, 0.9202099206291836, 0.9137764027237635, 0.9225592389654325, 0.9157426014544088, 0.9148751608379476, 0.9156486287209586, 0.9157426014544088, 0.9193352513409185, 0.9162052364498547, 0.9191979065766456, 0.9153522531770013, 0.910899391345834, 0.91642209660397, 0.9199858318032644, 0.9216484263181483, 0.9229857306018593, 0.9235640243461667, 0.9194436814179762, 0.9269398140785612, 0.9269181280631498, 0.9205279821885526, 0.9200364325058914, 0.915641400049155, 0.9271205308736573, 0.9193424800127225, 0.9222700920932788, 0.9219809452211252, 0.9189015310326881, 0.9270627014992265, 0.9298095967846868, 0.9245326663678816, 0.9219881738929289, 0.9152076797409243, 0.9153088811461781, 0.9216411976463444, 0.9210339892148216, 0.9249663866761122, 0.9132848530411022, 0.9164365539475776, 0.9198340296953837, 0.9172100218305889, 0.9243880929318047, 0.9198846303980106, 0.9162919805115008, 0.9156269427055473, 0.9238387138747126, 0.917434110656508, 0.9209906171839986, 0.9263398343188421, 0.9249808440197197, 0.9226821263860978, 0.9141450649857594, 0.9264844077549191, 0.9188364729864535, 0.9219158871748904, 0.9170003903482774, 0.9175786840925848, 0.9244676083216471, 0.9187352715811996, 0.9174051959692926, 0.9111451661871648, 0.9247712125374083, 0.9268313840015034, 0.9272651043097342, 0.9235784816897744, 0.920513524844945, 0.9197039136029146, 0.9198051150081683, 0.9174847113591348, 0.9182292645549307, 0.9272940189969495, 0.9217279417079907, 0.9244314649626276, 0.9213303647587792, 0.925660339169281, 0.9119981494600182, 0.9301421156876636, 0.9225809249808439, 0.9185184114270843, 0.9242724341829431, 0.9243664069163932, 0.9204990675013374, 0.9289421561682257, 0.9149185328687707, 0.9255880524512425, 0.9216267403027367, 0.9200870332085183, 0.9168847315994159, 0.9200870332085183, 0.9185762408015151, 0.9158004308288394, 0.9282771183622722, 0.9292168456967717, 0.9208099003889025, 0.9151932223973167, 0.9257904552617502, 0.9181425204932845, 0.9199786031314605, 0.9219664878775173, 0.9168124448813775, 0.9196894562593069, 0.9140510922523096, 0.9202171493009875, 0.9238459425465164, 0.9196171695412684, 0.9242579768393355, 0.9272434182943226, 0.9269036707195419, 0.9222050340470441, 0.9231592187251514, 0.9111234801717533, 0.9170726770663158, 0.9121644089115065, 0.9119114053983721, 0.9145426419349709, 0.9179979470572076],