{"dataset": "cora", "existing_model": "VGAE2", "input_dim": 1433, "hidden1_dim": 32, "hidden2_dim": 16, "hidden3_dim": 8, "num_class": 7, "use_feature": true, "num_epoch": 200, "learning_rate": 0.01, "test_roc": 0.9117953112566566, "test_ap": 0.9134403082988263, "val_rocs": [0.4816319449464356, 0.5098671370122454, 0.5047492373751248, 0.5122815133947288, 0.5468345646170972, 0.5482947563214735, 0.5224161112637165, 0.527259321372291, 0.5611328774450983, 0.5576486576356461, 0.5766600644797526, 0.5789009527389437, 0.5929101186947909, 0.6236030591739075, 0.6287643308418511, 0.6494817042316645, 0.6667582298428487, 0.6804059622085038, 0.6974800850091805, 0.7153927337391028, 0.7338403041825096, 0.7470687735835417, 0.7631164249880726, 0.775925631424482, 0.7879975133368995, 0.7952695571715653, 0.8005175729011551, 0.8090184909424742, 0.8152206913501713, 0.821625294568376, 0.8271769145137274, 0.8391765097081061, 0.8398704622012751, 0.849441223669563, 0.8533736211308536, 0.8563084618832135, 0.8608769824632423, 0.8622504301059725, 0.8676863913024622, 0.8718645636050832, 0.8720525090719831, 0.8781968801052495, 0.879917303994564, 0.8788763752548107, 0.8803510243027945, 0.8807702872674175, 0.8810594341395712, 0.8790498633781029, 0.8800329627434256, 0.8827509433416703, 0.8824401104541051, 0.8786016857262646, 0.882071448192109, 0.8817678439763478, 0.8817895299917593, 0.8835027252092701, 0.8868640575980569, 0.8845508826208273, 0.8820569908485014, 0.8818256733507785, 0.8802425942257369, 0.8843701658257311, 0.8824979398285359, 0.8813196663245095, 0.8829750321675894, 0.8806618571903597, 0.8816088131966632, 0.8820786768639131, 0.8858665008891267, 0.883134062947274, 0.8861917911202994, 0.8858231288583036, 0.885295435816623, 0.8871965765010337, 0.8867773135364108, 0.8873989793115413, 0.8877170408709104, 0.8874929520449912, 0.8842111350460466, 0.8855918113605806, 0.8856857840940306, 0.8873989793115413, 0.8870375457213491, 0.8867700848646071, 0.8866544261157454, 0.8858303575301076, 0.8875001807167952, 0.8903555060793129, 0.8855050672989345, 0.8865170813514724, 0.88681345689543, 0.8850279749598808, 0.8869797163469184, 0.8876230681374604, 0.8866038254131186, 0.891504864896124, 0.889798898350417, 0.8897482976477902, 0.8918518411427084, 0.8910639159160896, 0.8892061472625019, 0.8906085095924474, 0.89021816131504, 0.888237505240787, 0.8909410284954242, 0.8925530223076812, 0.8892422906215212, 0.8897121542887709, 0.8902543046740592, 0.8892422906215212, 0.8904061067819398, 0.8917217250502392, 0.8901964752996283, 0.8931674594110078, 0.8880567884456909, 0.8915626942705548, 0.8905868235770359, 0.8939192412786076, 0.8866616547875493, 0.8869724876751145, 0.8907458543567204, 0.886307449869161, 0.8885483381283523, 0.890904885136405, 0.8918879845017278, 0.8890398878110137, 0.8875796961066375, 0.8917144963784355, 0.893854183232373, 0.8917867830964739, 0.8893724067139903, 0.8906591102950745, 0.8888953143749367, 0.8888374850005061, 0.8842761930922811, 0.8896615535861441, 0.8915337795833393, 0.8900663592071594, 0.8943891049458572, 0.886958030331507, 0.8903988781101361, 0.8866688834593532, 0.8904711648281745, 0.8923072474663506, 0.8897916696786132, 0.8912952334138124, 0.8917072677066316, 0.8896760109297518, 0.8929433705850887, 0.8912952334138124, 0.8871893478292299, 0.8859171015917536, 0.8891266318726596, 0.889806127022221, 0.8854038658936807, 0.8900663592071593, 0.8886856828926253, 0.8890254304674058, 0.8848038861339618, 0.8824762538131242, 0.8888157989850944, 0.886676112131157, 0.8917000390348278, 0.8884182220358832, 0.8926686810565425, 0.8904856221717821, 0.8886639968772136, 0.8905073081871937, 0.8913096907574203, 0.890543451546213, 0.8861339617458688, 0.8858303575301074, 0.8880278737584756, 0.8859749309661843, 0.888143532507337, 0.8903916494383323, 0.8901675606124131, 0.8871459757984068, 0.8884326793794908, 0.88837485000506, 0.8891844612470905, 0.8859026442481458, 0.889618181555321, 0.8857291561248536, 0.8868062282236262, 0.8851508623805462, 0.8890543451546213, 0.8864664806488455, 0.8864881666642571, 0.8827292573262588, 0.8842400497332621, 0.8867122554901762, 0.8859243302635573, 0.8875652387630297, 0.8879122150096141, 0.8826858852954358, 0.8932758894880655, 0.8873339212653066, 0.8829967181830011, 0.8865893680695108],