{"dataset": "cora", "existing_model": "VGAE4v2", "input_dim": 1433, "hidden1_dim": 32, "hidden2_dim": 16, "hidden3_dim": 8, "num_class": 7, "use_feature": true, "num_epoch": 200, "learning_rate": 0.01, "test_roc": 0.9746875551346815, "test_ap": 0.9729342680243479, "val_rocs": [0.5181511948994493, 0.5471815408636818, 0.5410660845176307, 0.5425985629400454, 0.5515187439459874, 0.5541933525134092, 0.5539620350156862, 0.5737685957582154, 0.5893969841981235, 0.6221717821567465, 0.6404024924460379, 0.6793939481559659, 0.7310644942098339, 0.7711691653775534, 0.8133846087119954, 0.8539374575315531, 0.890586823577036, 0.9143257817808557, 0.9313565325507092, 0.9398719079356358, 0.9457126747531409, 0.9463921699027021, 0.9474620133296707, 0.9495438708091776, 0.9527244864028683, 0.9558906446529514, 0.9590712602466422, 0.959866414145065, 0.9630759444259711, 0.965750552993393, 0.9654903208084546, 0.9652300886235163, 0.9639000130116093, 0.9657216383061777, 0.9671818300105539, 0.966979427200046, 0.9670806286053001, 0.9670950859489077, 0.9664589628301696, 0.9684107042172072, 0.9680058985961919, 0.9697407798291142, 0.9694371756133529, 0.9686709364021455, 0.9686564790585378, 0.968237216093915, 0.9691480287411991, 0.9682661307811302, 0.9712154288770982, 0.970029926701268, 0.9729503101100203, 0.9717069785597594, 0.9719527534010901, 0.9708395379432984, 0.9713310876259595, 0.9723720163657129, 0.9720105827755208, 0.9739912388497738, 0.9729358527664125, 0.9728201940175512, 0.9720033541037169, 0.9719310673856785, 0.9724659890991628, 0.9712082002052942, 0.9717358932469748, 0.9725021324581821, 0.9724587604273591, 0.9714828897338401, 0.9741502696294582, 0.9729936821408434, 0.9737165493212276, 0.9733478870592316, 0.9732756003411932, 0.9733912590900546, 0.9737454640084431, 0.9734780031517009, 0.9741719556448698, 0.9731310269051164, 0.9729864534690394, 0.9738032933828737, 0.9739189521317353, 0.9721262415243822, 0.9735502898697393, 0.9717503505905825, 0.9722925009758706, 0.9729719961254318, 0.9759357515650073, 0.974294843065535, 0.9762610417961803, 0.978024837716318, 0.9747863927481966, 0.9775260593618528, 0.9754080585233271, 0.9767164481198224, 0.9745912186094926, 0.9744105018143966, 0.9725021324581822, 0.9739189521317355, 0.9751189116511731, 0.9772585985051107, 0.9790657664560714, 0.9755960039902268, 0.9764056152322572, 0.9770778817100145, 0.9754948025849731, 0.9782200118550217, 0.9752345704000347, 0.9771140250690339, 0.9797091182466133, 0.9777790628749874, 0.9763622432014343, 0.9748731368098427, 0.9778658069366334, 0.9758851508623806, 0.974808078763608, 0.9775549740490682, 0.9759285228932036, 0.9757839494571268, 0.9733117437002126, 0.9726250198788474, 0.972827422689355, 0.976000809611242, 0.9751333689947809, 0.9764779019502956, 0.9724443030837514, 0.9749454235278809, 0.9743960444707889, 0.9740346108805967, 0.9741647269730659, 0.9756899767236767, 0.97195275340109, 0.9746562766557272, 0.9745984472812965, 0.9720250401191285, 0.9750538536049386, 0.9781766398241987, 0.9740779829114198, 0.9726756205814744, 0.9735430611979354, 0.9726322485506512, 0.9740346108805968, 0.9778658069366334, 0.9706515924763983, 0.9741068975986352, 0.9773164278795414, 0.9791958825485405, 0.979080223799679, 0.9780031517009065, 0.9737743786956583, 0.9758851508623806, 0.9770272810073878, 0.9766224753863726, 0.9768682502277033, 0.9757550347699113, 0.9760297242984574, 0.9769405369457416, 0.9758851508623806, 0.9788778209891714, 0.9779959230291027, 0.9798681490262977, 0.9789356503636022, 0.9751333689947809, 0.9772224551460914, 0.9760875536728881, 0.9773959432693836, 0.9751695123538, 0.9753068571180731, 0.9754803452413653, 0.9755454032875999, 0.9770851103818184, 0.9742225563474967, 0.9756393760210499, 0.9752490277436423, 0.9764706732784918, 0.9758706935187729, 0.9746129046249042, 0.9751405976665847, 0.9767525914788416, 0.9772079978024837, 0.9750972256357616, 0.9742586997065159, 0.9769333082739378, 0.977150168428053, 0.9751044543075655, 0.9766080180427648, 0.9790657664560714, 0.9781043531061602, 0.9727768219867281, 0.9747936214200003, 0.9781838684960025, 0.9745406179068659, 0.9789717937226214, 0.974988795558704, 0.9767309054634301, 0.9742225563474967, 0.9800344084777864, 0.979174196533129, 0.9772079978024838, 0.9773670285821683, 0.9775332880336567],