{"dataset": "cora", "existing_model": "VGAE7", "input_dim": 1433, "hidden1_dim": 32, "hidden2_dim": 16, "hidden3_dim": 8, "num_class": 7, "use_feature": true, "num_epoch": 200, "learning_rate": 0.01, "test_roc": 0.9238574293645964, "test_ap": 0.9283002554117502, "val_rocs": [0.49593025777443656, 0.5147826338388584, 0.5284737382353366, 0.5909728346513612, 0.5818936228657346, 0.599806271595657, 0.5951510069539823, 0.6083650190114068, 0.6175888042331101, 0.6467348089462043, 0.680030071274704, 0.7068918156977836, 0.7264526015989823, 0.7524902774364237, 0.7750148187771979, 0.7898914253495064, 0.813124376527057, 0.8298804377683644, 0.8457690583932109, 0.8649973253914325, 0.868698405355, 0.8811317208576096, 0.8925819369948965, 0.8972805736673943, 0.9017912648729922, 0.9066200176379593, 0.9092657115181656, 0.9138342320981943, 0.9137185733493328, 0.9175931414361924, 0.9196605415720915, 0.9178100015903078, 0.9190244184533536, 0.9175063973745464, 0.9200653471931067, 0.9152510517717475, 0.913892061472625, 0.9135161705388253, 0.9108271046277956, 0.9132559383538867, 0.909019936676835, 0.9116078011826108, 0.9104945857248189, 0.9121138082088798, 0.9098440052624731, 0.908513929650566, 0.9095548583903194, 0.9130679928869869, 0.9087163324610736, 0.9079790079370818, 0.9105668724428573, 0.9126342725787564, 0.908152496060374, 0.9108415619714034, 0.909482571672281, 0.9076898610649279, 0.9084416429325275, 0.9073284274747357, 0.9116222585262185, 0.9047261056253524, 0.9100030360421576, 0.9109283060330495, 0.9109861354074803, 0.9085428443377814, 0.9077766051265741, 0.9087163324610735, 0.9051309112463676, 0.9093524555798118, 0.9086151310558198, 0.9105957871300727, 0.9054056007749136, 0.910494585724819, 0.9083838135580968, 0.9084850149633505, 0.9086729604302506, 0.9050297098411137, 0.9072995127875204, 0.9065188162327054, 0.9067790484176438, 0.9066200176379592, 0.9043068426607295, 0.9104945857248189, 0.9090343940204427, 0.9095837730775347, 0.9098150905752577, 0.9077187757521432, 0.9060561812372594, 0.9101765241654498, 0.9081814107475892, 0.907039280602582, 0.9082103254348046, 0.9074585435672049, 0.9084994723069584, 0.9084850149633505, 0.9073573421619512, 0.9129523341381254, 0.9106391591608958, 0.9127065592967949, 0.9091355954256964, 0.9120270641472336, 0.9161618644190317, 0.9117668319622952, 0.9129667914817332, 0.9098584626060807, 0.9104222990067804, 0.9091789674565195, 0.903829750321676, 0.9097283465136117, 0.9102632682270959, 0.9105235004120342, 0.9094536569850655, 0.9130969075742023, 0.9081669534039816, 0.9083548988708816, 0.9114343130593185, 0.9120559788344489, 0.9066778470123898, 0.912648729922364, 0.9109283060330495, 0.9142101230319941, 0.9134438838207868, 0.9138486894418021, 0.9128800474200871, 0.909164510112912, 0.9170003903482775, 0.9152799664589628, 0.9166244994144775, 0.9111162514999495, 0.9126631872659718, 0.914716130058263, 0.9154823692694705, 0.9160028336393471, 0.9106102444736804, 0.9115210571209647, 0.9108993913458341, 0.9126631872659718, 0.9141812083447787, 0.9091500527693043, 0.9138197747545865, 0.9156992294235857, 0.9156847720799779, 0.9116945452442567, 0.910957220720265, 0.9123595830502104, 0.905940522488398, 0.9107837325969727, 0.9175353120617618, 0.9110728794691263, 0.9084271855889199, 0.9142534950628172, 0.9108415619714034, 0.9166678714453006, 0.9133426824155328, 0.9160462056701701, 0.9158148881724472, 0.9126921019531872, 0.910812647284188, 0.9157859734852317, 0.9191689918894304, 0.9170003903482774, 0.9199352311006376, 0.9201231765675375, 0.9132559383538867, 0.9171449637843543, 0.9118680333675491, 0.9185039540834766, 0.92129422139976, 0.9162775231678931, 0.9169425609738466, 0.9147450447454785, 0.9128511327328717, 0.9141812083447787, 0.9204556954705142, 0.921886972487675, 0.912605357891541, 0.9122005522705257, 0.9162052364498547, 0.915410082551432, 0.9202532926600067, 0.9186051554887305, 0.9158438028596625, 0.9176654281542309, 0.9160895777009933, 0.9202099206291835, 0.9208026717170987, 0.9107981899405804, 0.9172461651896081, 0.9128366753892639, 0.9163642672295392, 0.9152944238025705, 0.9198195723517761, 0.9161040350446009, 0.9158293455160549, 0.9170148476918851, 0.9173329092512541, 0.9207592996862757, 0.9179545750263847, 0.9177810869030925, 0.9176509708106233, 0.9222773207650826],