{"dataset": "citeseer", "existing_model": "VGAE7", "input_dim": 3703, "hidden1_dim": 32, "hidden2_dim": 16, "hidden3_dim": 8, "num_class": 6, "use_feature": true, "num_epoch": 200, "learning_rate": 0.01, "test_roc": 0.9721482912691704, "test_ap": 0.9760925056000409, "val_rocs": [0.4965359312231947, 0.5059287003434959, 0.5681460924916066, 0.5593937394476897, 0.5589085757534592, 0.5995458867822002, 0.6239399173281064, 0.6498282520522425, 0.6727085718721496, 0.6991791030293621, 0.7204874924799627, 0.7499466319936345, 0.7748840458770789, 0.7924857847037591, 0.8094277009062858, 0.8294746647518871, 0.8442236410564925, 0.8541403869665626, 0.868287760290322, 0.8818335306332357, 0.8926235711929206, 0.9045974111665276, 0.9176968309107493, 0.9305827786295097, 0.9409070620427333, 0.9499893263987269, 0.9591104038502591, 0.9627394282831028, 0.9653399056841777, 0.9685419860660986, 0.9709678045372508, 0.9717052533524811, 0.9735100622950184, 0.971511187874789, 0.972772613479788, 0.9727532069320189, 0.9715500009703274, 0.9722680432377884, 0.9729084593141726, 0.973393623008403, 0.973393623008403, 0.9760135069572474, 0.9770614605367851, 0.9784199188806303, 0.9767121426769392, 0.9796425313900909, 0.9787110170971686, 0.9793514331735528, 0.9798365968677832, 0.9811368355683208, 0.9794484659123989, 0.9801471016320906, 0.980088881988783, 0.9790603349570145, 0.9803023540142445, 0.9791185546003222, 0.9798365968677831, 0.9802441343709367, 0.9795649051990141, 0.9788274563837839, 0.9788662694793223, 0.9795066855557065, 0.9810009897339362, 0.9792155873391682, 0.9794096528168604, 0.9792544004347067, 0.9797977837722448, 0.9780123813774767, 0.9792932135302451, 0.9815249665237051, 0.9793902462690912, 0.9806904849696287, 0.9795066855557065, 0.9799724427021677, 0.9812144617593976, 0.9800306623454754, 0.9819907236701664, 0.9772943391100157, 0.978381105785092, 0.9807292980651672, 0.9792155873391682, 0.9812920879504745, 0.9795454986512449, 0.9792155873391682, 0.9787886432882453, 0.9807681111607056, 0.9808457373517825, 0.9813891206893206, 0.980709891517398, 0.9803993867530905, 0.980535232587475, 0.9793126200780143, 0.9803411671097828, 0.9804187933008598, 0.9810786159250131, 0.9789438956703992, 0.9797201575811679, 0.9787498301927071, 0.9785945778105533, 0.9783034795940149, 0.9812338683071669, 0.977410778396631, 0.9768868016068621, 0.9794484659123989, 0.9801082885365524, 0.9807681111607057, 0.9788468629315532, 0.9796231248423217, 0.9809621766383978, 0.9798171903200139, 0.9794484659123988, 0.9819907236701664, 0.9798365968677831, 0.9817772516447049, 0.9804770129441673, 0.9807875177084748, 0.9805934522307826, 0.9797589706767063, 0.9785363581672457, 0.9783811057850919, 0.9780511944730151, 0.9791573676958606, 0.9773913718488618, 0.9802247278231675, 0.9785945778105534, 0.9784005123328612, 0.9800500688932445, 0.9812338683071669, 0.9813114944982437, 0.9802829474664752, 0.9790603349570145, 0.9810980224727823, 0.9796037182945526, 0.9822624153389353, 0.9775660307787847, 0.9797977837722448, 0.9789438956703993, 0.9796619379378604, 0.9803023540142444, 0.9780706010207845, 0.9812726814027054, 0.9807681111607056, 0.978381105785092, 0.9802247278231676, 0.9782452599507074, 0.9785751712627839, 0.9776436569698617, 0.978128820664092, 0.9790603349570145, 0.9788856760270916, 0.9775272176832464, 0.9790797415047836, 0.9805740456830134, 0.9785751712627841, 0.9787304236449379, 0.9792349938869375, 0.9787110170971687, 0.9806128587785519, 0.981427933784859, 0.9787110170971685, 0.9806710784218595, 0.97867220400163, 0.9791573676958606, 0.9786333909060918, 0.9781482272118613, 0.979370839721322, 0.9771002736323235, 0.9801665081798598, 0.9797783772244755, 0.9796037182945525, 0.9782452599507073, 0.979467872460168, 0.9784781385239381, 0.9792349938869375, 0.9795454986512449, 0.9807875177084748, 0.979196180791399, 0.9791185546003223, 0.9784587319761687, 0.9771973063711695, 0.9771584932756312, 0.9776242504220924, 0.9789827087659376, 0.9799336296066292, 0.9798171903200139, 0.9784587319761686, 0.9788468629315531, 0.9769256147024006, 0.9819519105746279, 0.9800306623454753, 0.9792738069824758, 0.9783228861417842, 0.9765957033903239, 0.9787886432882456, 0.9802053212753983, 0.9755283432630169, 0.9811756486638593, 0.9794678724601681, 0.9801082885365523, 0.9784587319761687],