{"dataset": "citeseer", "existing_model": "VGAE6", "input_dim": 3703, "hidden1_dim": 32, "hidden2_dim": 16, "hidden3_dim": 8, "num_class": 6, "use_feature": true, "num_epoch": 200, "learning_rate": 0.01, "test_roc": 0.9228185001811375, "test_ap": 0.9261944923520969, "val_rocs": [0.46760076849929166, 0.488618059733354, 0.5135748801645674, 0.49919462826757754, 0.5402200702517029, 0.5716004579945273, 0.5776747074462923, 0.589706767063207, 0.5983038677249705, 0.6253954084107978, 0.6511284907527799, 0.6697393700634594, 0.7014302625705913, 0.7257078538298822, 0.7426691765801781, 0.7612994624386269, 0.782025655456151, 0.7988511323720623, 0.817481418230511, 0.8318422635797318, 0.8425158648528013, 0.8502784839604882, 0.8606415804692502, 0.8670845543286305, 0.8790583943022375, 0.8888975140212307, 0.8993576432688389, 0.9046944439053737, 0.9085563469114479, 0.9136602689747522, 0.9151545731529818, 0.9175997981719032, 0.9160084612548274, 0.9157755826815968, 0.9157367695860583, 0.9122241844398301, 0.9153098255351355, 0.9114285159812922, 0.9134467969492907, 0.9122435909875992, 0.9084205010770634, 0.9130586659939063, 0.9084981272681403, 0.907935337382833, 0.9083234683382173, 0.9099342118030623, 0.907042636185449, 0.9063828135612955, 0.9084205010770634, 0.9074501736886025, 0.9079547439306022, 0.9105164082361389, 0.9036853034213743, 0.9069456034466029, 0.9051796075996041, 0.908653379650294, 0.9068291641599876, 0.90776067845291, 0.9073337344019872, 0.9101088707329852, 0.9052766403384502, 0.9077024588096024, 0.9069261968988337, 0.9068291641599876, 0.906965009994372, 0.9094296415610627, 0.9093520153699859, 0.9076830522618332, 0.9110015719303693, 0.9078577111917561, 0.9068485707077568, 0.9098565856119856, 0.9077024588096023, 0.9105940344272156, 0.9095266742999089, 0.9109433522870617, 0.9076830522618332, 0.909817772516447, 0.9086533796502939, 0.9109239457392924, 0.9110209784781387, 0.9122629975353684, 0.9086727861980632, 0.9119913058665994, 0.9054707058161424, 0.9078577111917561, 0.9092937957266782, 0.910885132643754, 0.9108463195482157, 0.9075472064274486, 0.9119913058665994, 0.9121659647965223, 0.913116885637214, 0.9128548972423296, 0.9094587513827167, 0.9100312445419084, 0.907343437675872, 0.9079935570261406, 0.9099730248986009, 0.9087213025674863, 0.9088959614974093, 0.9103029362106776, 0.9112829668730229, 0.9090318073317938, 0.9073046245803335, 0.9095654873954473, 0.9072367016631412, 0.9105164082361388, 0.9107686933571388, 0.9089832909623707, 0.9099342118030622, 0.9124958761085991, 0.9134759067709446, 0.9138058180830212, 0.9090124007840246, 0.9075277998796795, 0.9077218653573715, 0.9101088707329854, 0.9077509751790254, 0.9097789594209085, 0.9096819266820626, 0.9086242698286402, 0.9119621960449455, 0.907615129344641, 0.9073046245803336, 0.9119524927710609, 0.9059655727842575, 0.9072852180325642, 0.9101185740068699, 0.9127481612295989, 0.9091870597139475, 0.9147276291020592, 0.9085272370897941, 0.9109045391915233, 0.9089250713190631, 0.9087892254846786, 0.9100409478157931, 0.9107007704399466, 0.9084787207203711, 0.9124376564652914, 0.9093520153699859, 0.9062663742746803, 0.912670535038522, 0.9119427894971763, 0.9084399076248327, 0.9129616332550602, 0.914902288031982, 0.9138446311785597, 0.9091094335228708, 0.9128840070639833, 0.913291544567137, 0.9125832055735605, 0.9109045391915231, 0.9121562615226377, 0.9133497642104447, 0.9140678064779058, 0.9140192901084826, 0.9090803237012168, 0.9089638844146015, 0.9109336490131771, 0.9135244231403676, 0.9127675677773681, 0.911903976401638, 0.91904558598071, 0.9091967629878321, 0.9153486386306741, 0.9152419026179432, 0.9131459954588679, 0.9144947505288286, 0.9140969162995596, 0.9165906576879038, 0.9146111898154436, 0.91247646956083, 0.9157561761338278, 0.9114867356245997, 0.9124570630130606, 0.9120883386054455, 0.9105164082361388, 0.912622018669099, 0.9142909817772515, 0.9196180791399018, 0.9138058180830213, 0.9137087853441752, 0.9152030895224049, 0.9127675677773681, 0.9119621960449457, 0.9116225814589842, 0.9158920219682121, 0.9216654699295543, 0.9179005996623261, 0.9166488773312116, 0.9181043684139029, 0.9132624347454832, 0.9136117526053291, 0.9122435909875992, 0.9168720526305576, 0.918026742222826, 0.9123212171786761, 0.9161734169108657, 0.9169399755477499],