{"dataset": "cora", "existing_model": "VGAE9", "input_dim": 1433, "hidden1_dim": 32, "hidden2_dim": 16, "hidden3_dim": 8, "num_class": 7, "use_feature": true, "num_epoch": 200, "learning_rate": 0.01, "test_roc": 0.9217654620151299, "test_ap": 0.9251454731946824, "val_rocs": [0.5187873180181873, 0.5233269239110006, 0.5426708496580839, 0.5932860096285908, 0.5775853344706443, 0.5702410039179402, 0.5848429209617025, 0.5743613468461305, 0.596495539909497, 0.5977822434905811, 0.6270005349217135, 0.6388555566800156, 0.6794806922176119, 0.7102459194147668, 0.7295175584438116, 0.7481097023232951, 0.7659789790223944, 0.7883734042706994, 0.8121557345053421, 0.8333357428906014, 0.8481400627448713, 0.8624239182292647, 0.8684237158264542, 0.8764909135595425, 0.8853677225346614, 0.8926975957437582, 0.9046393615637063, 0.9138053174109789, 0.915178765053709, 0.9162196937934624, 0.9177232575286618, 0.9178967456519539, 0.9211930199945062, 0.9183304659601845, 0.9191111625149994, 0.920050889849499, 0.9193858520435456, 0.9215978256155216, 0.922074917954575, 0.9235640243461667, 0.9234628229409129, 0.9259061140106116, 0.9288120400757565, 0.9227833277913516, 0.9273807630585956, 0.9260217727594731, 0.9253856496407349, 0.9244025502754123, 0.921886972487675, 0.9232893348176205, 0.9240555740288279, 0.9231013893507206, 0.9225664676372364, 0.9224218942011595, 0.9215399962410906, 0.9233760788792668, 0.9196171695412685, 0.9215544535846983, 0.9208026717170987, 0.9215689109283061, 0.9198051150081683, 0.9178967456519538, 0.916884731599416, 0.9158582602032702, 0.9149763622432014, 0.9140438635805057, 0.9138848328008211, 0.9150631063048476, 0.913848689441802, 0.9161257210600123, 0.9147522734172822, 0.9160606630137779, 0.9166534141016929, 0.9133860544463559, 0.9106463878326996, 0.9156630860645664, 0.911137937515361, 0.9110584221255187, 0.9112608249360262, 0.9144342118579132, 0.911774060634099, 0.911137937515361, 0.9120704361780566, 0.9107548179097572, 0.9114921424337492, 0.9109355347048533, 0.909887377293296, 0.9107403605661495, 0.9103210976015267, 0.9089259639433849, 0.9069308505255245, 0.9071549393514435, 0.9094898003440848, 0.9086874177738582, 0.9067573624022323, 0.9089187352715812, 0.9089837933178159, 0.9099668926831384, 0.9065549595917246, 0.9064320721710593, 0.9064465295146671, 0.9087958478509157, 0.9099018346369038, 0.9062224406887478, 0.9098656912778845, 0.9085139296505662, 0.9071404820078359, 0.909562087062123, 0.9101186947910189, 0.9098729199496884, 0.9040755251630066, 0.9075525163006548, 0.9109283060330495, 0.9101692954936459, 0.908412728245312, 0.9074802295826165, 0.908506700978762, 0.9088609058971504, 0.9073934855209702, 0.9075958883314779, 0.9081235813731585, 0.9096126877647501, 0.909200653471931, 0.9102415822116845, 0.9084344142607237, 0.9104367563503883, 0.9111523948589686, 0.9103572409605458, 0.9092801688617733, 0.9035839754803452, 0.9106680738481112, 0.9088030765227199, 0.9088464485535428, 0.9072995127875205, 0.9122511529731526, 0.9116728592288452, 0.9117090025878645, 0.9115355144645724, 0.9092584828463618, 0.9112102242333994, 0.909395827610635, 0.9089548786306003, 0.9091211380820889, 0.9044803307840218, 0.9064899015454901, 0.9088609058971506, 0.9107548179097573, 0.9096416024519656, 0.9095404010467119, 0.9085283869941737, 0.911781289305903, 0.9152944238025705, 0.9102921829143115, 0.9107548179097573, 0.9108126472841882, 0.9124174124246411, 0.9097572612008271, 0.9123595830502105, 0.9052321126516215, 0.9112608249360263, 0.909019936676835, 0.909525943703104, 0.9086151310558199, 0.9089910219896196, 0.9082103254348046, 0.9080079226242971, 0.90998857869855, 0.9067501337304286, 0.9047405629689601, 0.9110728794691263, 0.9101548381500383, 0.9061429252989055, 0.9097283465136117, 0.9134872558516098, 0.9090849947230696, 0.9095982304211424, 0.9098006332316501, 0.9117234599314721, 0.9118897193829606, 0.9057670343651056, 0.9080946666859431, 0.9063308707658054, 0.9116222585262185, 0.9112608249360263, 0.9097283465136115, 0.9066923043559975, 0.9154751405976667, 0.9134872558516098, 0.9067067616996052, 0.9082536974656276, 0.9110005927510878, 0.9055212595237752, 0.9056947476470674, 0.9045743035174717, 0.9069308505255245, 0.9084850149633507, 0.9052610273388366, 0.9076464890341049, 0.9066633896687822, 0.9074440862235973],