{"dataset": "cora", "existing_model": "VGAE8", "input_dim": 1433, "hidden1_dim": 32, "hidden2_dim": 16, "hidden3_dim": 8, "num_class": 7, "use_feature": true, "num_epoch": 200, "learning_rate": 0.01, "test_roc": 0.920177583183607, "test_ap": 0.9247486511104895, "val_rocs": [0.5111104685625064, 0.5106767482542758, 0.5639086874177739, 0.5398950396854082, 0.5651086469372117, 0.5722794893666238, 0.5777009932195059, 0.5979123595830502, 0.6144660180138501, 0.6389278433980541, 0.6638667611213117, 0.6993595396781797, 0.7167661813818329, 0.7324668565397794, 0.7563214734924606, 0.7764894678251817, 0.7963538579421419, 0.8123581373158497, 0.8245312206335207, 0.8440486345038962, 0.8532868770692073, 0.8577686535875897, 0.8671659269325854, 0.8756813023175121, 0.8855990400323843, 0.8920181005941968, 0.891049458572482, 0.8914831788807126, 0.8951119721262416, 0.8940276713556651, 0.896789023984733, 0.8959215833682719, 0.8989865402131012, 0.9001142130145008, 0.8984516184996167, 0.8985672772484783, 0.8968034813283408, 0.8993335164596857, 0.8974106897598635, 0.8987841374025937, 0.8955167777472568, 0.8992467723980396, 0.9016900634677384, 0.9018635515910307, 0.8990588269311396, 0.8985961919356937, 0.902441845335338, 0.9022828145556536, 0.9054489728057368, 0.9028321936127457, 0.9063597854530208, 0.903323743295407, 0.9027309922074919, 0.9040032384449681, 0.9026442481458457, 0.9024273879917304, 0.9022828145556536, 0.903685176885599, 0.9042923853171217, 0.9033092859517993, 0.904147811881045, 0.9012418858159001, 0.9039887811013605, 0.9053622287440906, 0.9021526984631844, 0.90511645390276, 0.902947852361607, 0.9027165348638841, 0.9031936272029377, 0.9062296693605517, 0.9042923853171219, 0.9012129711286847, 0.9030201390796455, 0.9002515577787737, 0.9018852376064421, 0.9051598259335829, 0.9038442076652837, 0.8958637539938411, 0.9045453888302563, 0.9020225823707151, 0.9019647529962844, 0.904516474143041, 0.8997600080961123, 0.9017478928421692, 0.9028538796281571, 0.9031068831412916, 0.9012708005031156, 0.90189969495005, 0.8990732842747473, 0.901010568318177, 0.9029044803307841, 0.9015382613598578, 0.8971215428877098, 0.9063597854530209, 0.9000925269990891, 0.9033960300134454, 0.9055501742109905, 0.9049863378102906, 0.9050513958565252, 0.9011623704260578, 0.9002732437941852, 0.9035839754803453, 0.9074368575517935, 0.9035406034495224, 0.8978588674117018, 0.9000780696554815, 0.9054995735083635, 0.9044369587531986, 0.9048634503896256, 0.9060272665500441, 0.9075019155980282, 0.9008226228512773, 0.9069163931819167, 0.9040466104757912, 0.9063236420940016, 0.9024924460379651, 0.9085573016813892, 0.9051092252309559, 0.9028972516589802, 0.9022466711966344, 0.9044297300813948, 0.9010683976926078, 0.9004322745738698, 0.9024996747097687, 0.9034321733724646, 0.9059477511602018, 0.9031213404848992, 0.9057814917087135, 0.9037719209472451, 0.9026225621304342, 0.9047622489843715, 0.9054056007749137, 0.9062079833451401, 0.9062947274067863, 0.9113909410284955, 0.9055429455391866, 0.9042923853171217, 0.9076609463777126, 0.9069597652127398, 0.9046249042200986, 0.9051815119489945, 0.90502248116931, 0.907313970131128, 0.9087452471482889, 0.9077043184085357, 0.9080585233269238, 0.9060417238936518, 0.9019719816680882, 0.9008081655076696, 0.9019936676834999, 0.9110005927510879, 0.9056802903034598, 0.9071693966950514, 0.906446529514667, 0.9021382411195766, 0.90648990154549, 0.9080440659833162, 0.9039454090705373, 0.9103861556477613, 0.911781289305903, 0.9087958478509159, 0.9088681345689542, 0.9071260246642282, 0.8976853792884096, 0.9040032384449682, 0.9042490132862989, 0.8997238647370932, 0.903873122352499, 0.9049718804666831, 0.9079067212190435, 0.9070175945871706, 0.9060706385808672, 0.911087336812734, 0.9055212595237753, 0.9064248434992555, 0.9098584626060807, 0.9074368575517933, 0.910537957755642, 0.913292081712906, 0.9102343535398806, 0.9097934045598461, 0.9103933843195653, 0.9127643886712254, 0.9111523948589686, 0.9069959085717592, 0.9050369385129176, 0.9061140106116903, 0.9072705981003051, 0.9102560395552921, 0.9088030765227197, 0.9105379577556421, 0.9069742225563474, 0.9056802903034595, 0.9039237230551258, 0.9091066807384811, 0.9082970694964508, 0.9101765241654498, 0.9129523341381255, 0.9148751608379475, 0.9116367158698261],