{"dataset": "cora", "existing_model": "GAE", "input_dim": 1433, "hidden1_dim": 32, "hidden2_dim": 16, "hidden3_dim": 8, "num_class": 7, "use_feature": true, "num_epoch": 200, "learning_rate": 0.01, "test_roc": 0.90914164527291, "test_ap": 0.9215881817242442, "val_rocs": [0.6898176928971071, 0.6761410458442366, 0.7435411817432664, 0.6976246584452573, 0.7189058682357704, 0.7663404126125866, 0.7913371597102747, 0.7909757261200827, 0.7900215414419755, 0.7984501727652561, 0.8079486475155055, 0.8145556535442178, 0.8183434775694314, 0.8225650219028756, 0.8271335424829043, 0.8329743093004092, 0.8392921684569676, 0.8447425869970652, 0.8492821928898785, 0.8537928840954763, 0.8553976492359294, 0.8576529948387284, 0.8587806676401277, 0.8598505110670964, 0.8606456649655193, 0.8621926007315417, 0.864563605083202, 0.8673249577122699, 0.8699128222180457, 0.8724573146929983, 0.8741777385823128, 0.8761150226257428, 0.8774740129248652, 0.8788330032239876, 0.879873931963741, 0.8807992019546329, 0.8823895097514785, 0.8839364455175005, 0.8853677225346614, 0.8860327603406151, 0.8872038051728375, 0.8878110136043603, 0.8875652387630297, 0.8873917506397374, 0.8873917506397374, 0.8881435325073371, 0.8898639563966516, 0.89187352715812, 0.893752981827119, 0.8955312350908644, 0.897338403041825, 0.8992467723980395, 0.9009671962873542, 0.9031502551721147, 0.9051453685899752, 0.9064754442018823, 0.9079067212190433, 0.9083404415272738, 0.9083115268400583, 0.9082392401220201, 0.9085139296505661, 0.9088030765227197, 0.9089042779279736, 0.9088898205843657, 0.9087886191791121, 0.9085283869941737, 0.9080223799679046, 0.9077910624701817, 0.9075886596596741, 0.907227226069482, 0.9070103659153668, 0.9070971099770129, 0.9073139701311281, 0.9074296288799895, 0.9075163729416358, 0.9077621477829663, 0.9081814107475892, 0.908557301681389, 0.909251254174558, 0.9096126877647501, 0.909713889170004, 0.9096560597955732, 0.9097283465136117, 0.9096560597955732, 0.9095982304211425, 0.9093524555798118, 0.9095548583903194, 0.9097428038572193, 0.9094102849542425, 0.9093379982362042, 0.9093524555798118, 0.9090054793332273, 0.9090488513640504, 0.908976564646012, 0.9088030765227197, 0.9089765646460121, 0.9086585030866428, 0.9087741618355044, 0.9086729604302505, 0.9087452471482889, 0.9084416429325276, 0.9082681548092354, 0.9079356359062586, 0.9078055198137894, 0.9073428848183435, 0.9076320316904972, 0.9071549393514434, 0.906764591074036, 0.9065188162327052, 0.9062007546733364, 0.9062007546733363, 0.905752577021498, 0.9055935462418137, 0.9052899420260522, 0.9051742832771906, 0.9050441671847215, 0.9046393615637065, 0.9043935867223757, 0.9040466104757912, 0.9038875796961068, 0.9037574636036374, 0.9036273475111682, 0.9034972314186991, 0.903410487357053, 0.9033815726698375, 0.9033092859517993, 0.9031502551721147, 0.9028611082999609, 0.902817736269138, 0.902861108299961, 0.9027743642383148, 0.9026442481458455, 0.9024852173661613, 0.9024129306481228, 0.9022683572120459, 0.902311729242869, 0.9018635515910306, 0.9017478928421692, 0.9016033194060924, 0.9015165753444462, 0.9012129711286849, 0.9009961109745696, 0.9006635920715927, 0.9002587864505777, 0.8997527794243085, 0.8994491752085473, 0.8992612297416473, 0.8989865402131012, 0.8985528199048708, 0.8983937891251862, 0.8981769289710709, 0.8979600688169556, 0.8975697205395481, 0.8970492561696715, 0.8966878225794792, 0.8963842183637178, 0.8959938700863104, 0.8956324364961181, 0.8951119721262414, 0.8946637944744034, 0.8942879035406035, 0.8942011594789574, 0.893984299324842, 0.8936084083910422, 0.8931891454264195, 0.8928421691798349, 0.8925530223076813, 0.8922494180919198, 0.8918446124709047, 0.8916711243476124, 0.8913530627882433, 0.8910205438852665, 0.8906591102950745, 0.89050007951539, 0.8903410487357054, 0.8900952738943747, 0.8898350417094364, 0.8895892668681057, 0.8891410892162676, 0.8890109731237983, 0.8886639968772139, 0.8883314779742371, 0.8880278737584756, 0.8878254709479679, 0.8872327198600529, 0.8866977981465687, 0.8864231086180224, 0.8865821393977069, 0.886350821899984, 0.8862785351819457, 0.8863219072127687, 0.8864809379924532, 0.8864664806488456, 0.8865821393977071, 0.8866399687721378, 0.8867267128337839, 0.8867989995518224, 0.8867989995518224, 0.886726712833784, 0.8866977981465687],