{"dataset": "cora", "existing_model": "VGAE5", "input_dim": 1433, "hidden1_dim": 32, "hidden2_dim": 16, "hidden3_dim": 8, "num_class": 7, "use_feature": true, "num_epoch": 200, "learning_rate": 0.01, "test_roc": 0.9109581642536428, "test_ap": 0.917073022853775, "val_rocs": [0.4843499255446805, 0.47209009816536307, 0.520594485969148, 0.5481212681981813, 0.5361072156601947, 0.5467189058682358, 0.5737107663837846, 0.5688820136188177, 0.5916089577700994, 0.6169382237707643, 0.62439821307233, 0.6401567176047074, 0.6603825413118594, 0.6919284650638292, 0.6954560569041044, 0.7269730659688589, 0.7464471078084114, 0.771747459121861, 0.792161228295913, 0.8148014283855485, 0.8335526030447165, 0.8477063424366407, 0.8602553166881118, 0.8653009296071941, 0.8738163049921208, 0.8821726495973631, 0.8912229466957742, 0.8948372825976956, 0.8988419667770244, 0.9007792508204543, 0.8996082059882318, 0.9057670343651057, 0.9026442481458457, 0.9052176553080139, 0.902080411745146, 0.9068368777920747, 0.9075163729416357, 0.9071838540386589, 0.9098150905752577, 0.9115788864953953, 0.9094681143286732, 0.9084994723069584, 0.909251254174558, 0.90998857869855, 0.9099307493241193, 0.9074007141927742, 0.9088319912099351, 0.9074730009108126, 0.9088175338663274, 0.9064176148274516, 0.907227226069482, 0.9082753834810391, 0.9070248232589743, 0.9041261258656335, 0.905933293816594, 0.904371900706964, 0.9010973123798234, 0.904097211178418, 0.9019430669808729, 0.901343087221154, 0.9010973123798233, 0.902723763535688, 0.9033526579826222, 0.9018418655756191, 0.9053622287440906, 0.9067501337304283, 0.9064393008428631, 0.9066272463097629, 0.9045092454712371, 0.9054706588211482, 0.9050152524975061, 0.9075958883314779, 0.9022755858838496, 0.9014153739391924, 0.9012780291749194, 0.8998106087987394, 0.9024779886943572, 0.9051453685899753, 0.903916494383322, 0.9038225216498721, 0.9044875594558255, 0.9044731021122179, 0.9024707600225534, 0.9056296896008328, 0.9049140510922522, 0.906807963104859, 0.9102488108834883, 0.904791163671587, 0.9088536772253465, 0.9036851768855991, 0.9093813702670273, 0.9034683167314836, 0.9078055198137894, 0.9076175743468895, 0.9034394020442684, 0.9094175136260463, 0.9053766860876982, 0.9080223799679048, 0.9042923853171217, 0.91017652416545, 0.9081380387167662, 0.905788720380517, 0.9036128901675607, 0.9059983518628288, 0.9065332735763131, 0.9076175743468893, 0.905073081871937, 0.9052610273388368, 0.9067067616996054, 0.9054056007749136, 0.9076609463777126, 0.9063308707658055, 0.9100247220575691, 0.9078922638754355, 0.908839219881739, 0.9092946262053809, 0.9106247018172882, 0.9030924257976839, 0.909294626205381, 0.9070248232589744, 0.9068079631048591, 0.90998857869855, 0.9073284274747357, 0.9097138891700038, 0.9110295074383032, 0.9079934652806892, 0.908152496060374, 0.9076609463777126, 0.9109499920484609, 0.9148679321661437, 0.9076464890341047, 0.9080368373115124, 0.9027020775202765, 0.9152076797409243, 0.9086151310558199, 0.9115499718081801, 0.9101548381500383, 0.9088175338663275, 0.9087163324610738, 0.9122511529731527, 0.9094970290158888, 0.9079211785626509, 0.912142722896095, 0.9076754037213203, 0.9100464080729809, 0.9084705576197429, 0.9103644696323497, 0.9088898205843658, 0.9096849744827885, 0.9114343130593185, 0.9119114053983721, 0.9118969480547645, 0.9077043184085356, 0.9080946666859431, 0.9130101635125563, 0.9066995330278015, 0.910957220720265, 0.9124318697682489, 0.9105379577556421, 0.910350012288742, 0.9146799866992439, 0.9110222787664994, 0.9074730009108125, 0.9104656710376036, 0.9084271855889199, 0.9056947476470674, 0.9082247827784123, 0.9106102444736804, 0.9112897396232416, 0.9079790079370816, 0.9094898003440848, 0.9121210368806836, 0.911636715869826, 0.9091789674565195, 0.9052176553080137, 0.9103355549451344, 0.9112319102488109, 0.9101620668218422, 0.9094681143286732, 0.9069163931819167, 0.9123234396911912, 0.9087741618355043, 0.9099596640113345, 0.9050297098411137, 0.9097283465136116, 0.908513929650566, 0.9072995127875203, 0.906576645607136, 0.910624701817288, 0.9105018143966228, 0.910024722057569, 0.905203197964406, 0.9084271855889199, 0.9046682762509216, 0.910856019315011, 0.9094391996414579, 0.9096416024519653, 0.9132559383538869, 0.9052754846824445, 0.9139498908470558],